Item Format	DNA Sequence	Description	Clone	DNA Barcode		Raw Read count
TotalSeq-C	801	0801 anti-human CD337 (NKp30)	P30-15	AAAGTCACTCTGCCG	AAAGTCACTCTGCCG	562241
TotalSeq-C	600	0600 anti-human CD158f (KIR2DL5)	UP-R1	AAAGTGATGCCACTG	AAAGTGATGCCACTG	920354
TotalSeq-C	158	0158 anti-human CD134 (OX40)	Ber-ACT35 (ACT35)	AACCCACCGTTGTTA	AACCCACCGTTGTTA	155228
TotalSeq-C	181	0181 anti-human CD21	Bu32	AACCTAGTAGTTCGG	AACCTAGTAGTTCGG	8872
TotalSeq-C	24	0024 anti-human CD112 (Nectin-2)	TX31	AACCTTCCGTCTAAG	AACCTTCCGTCTAAG	22674
TotalSeq-C	168	0168 anti-human CD57 Recombinant	QA17A04	AACTCCCTATGGAGG	AACTCCCTATGGAGG	39733
TotalSeq-C	584	0584 anti-human TCR Vα24-Jα18 (iNKT cell)	6B11	AACTTCTGTGGTAGC	AACTTCTGTGGTAGC	258846
TotalSeq-C	208	0208 anti-human XCR1	S15046E	AAGACGCATGTCAAC	AAGACGCATGTCAAC	172687
TotalSeq-C	186	0186 anti-human IgA	HP6123	AAGATGTCCGAGCAA	AAGATGTCCGAGCAA	662404
TotalSeq-C	162	0162 anti-human CD64	10.1	AAGTATGCCCTACGA	AAGTATGCCCTACGA	19308
TotalSeq-C	583	0583 anti-human TCR Vγ9	B3	AAGTGATGGTATCTG	AAGTGATGGTATCTG	193206
TotalSeq-C	83	0083 anti-human CD16	3G8	AAGTTCACTCTTTGC	AAGTTCACTCTTTGC	53606
TotalSeq-C	159	0159 anti-human HLA-DR	L243	AATAGCGAGCAAGTA	AATAGCGAGCAAGTA	126600
TotalSeq-C	125	0125 anti-human CD44	BJ18	AATCCTTCCGAATGT	AATCCTTCCGAATGT	3154
TotalSeq-C	144	0144 anti-human CD185 (CXCR5)	J252D4	AATTCAACCGTCGCC	AATTCAACCGTCGCC	100298
TotalSeq-C	101	0101 anti-human CD335 (NKp46)	900	ACAATTTGAACAGCG	ACAATTTGAACAGCG	45795
TotalSeq-C	88	0088 anti-human CD279 (PD-1) Antibody	EH12.2H7	ACAGCGCCGTATTTA	ACAGCGCCGTATTTA	247671
TotalSeq-C	397	0397 anti-human CD193 (CCR3)	500000000	ACCAATCCTTTCGTC	ACCAATCCTTTCGTC	84887
TotalSeq-C	591	0591 anti-human LOX-1	15C4	ACCCTTTACCGAATA	ACCCTTTACCGAATA	54105
TotalSeq-C	124	0124 anti-human CD31	WM59	ACCTTTATGCCACGG	ACCTTTATGCCACGG	5861
TotalSeq-C	360	0360 anti-human CD357 (GITR)	108-17	ACCTTTCGACACTCG	ACCTTTCGACACTCG	242881
TotalSeq-C	5	0005 anti-human CD80	2D10	ACGAATCAATCTGTG	ACGAATCAATCTGTG	64887
TotalSeq-C	1048	1048 anti-human NLRP2	8F10B51	ACGCTTGTGTTAGTT	ACGCTTGTGTTAGTT	163136
TotalSeq-C	5148	5148 anti-human EGFR	AY13	ACGTTGTAGCATGTC	ACGTTGTAGCATGTC	760392
TotalSeq-C	353	0353 anti-human CD41	HIP8	ACGTTGTGGCCTTGT	ACGTTGTGGCCTTGT	7079
TotalSeq-C	55	0055 anti-human CD138 (Syndecan-1)	MI15	ACTCTTTCGTTTACG	ACTCTTTCGTTTACG	104648
TotalSeq-C	1056	1056 anti-human CD258 (LIGHT)	T5-39	ACTTCCCTGTAGAAA	ACTTCCCTGTAGAAA	402402
TotalSeq-C	167	0167 anti-human CD35	E11	ACTTCCGTCGATCTT	ACTTCCGTCGATCTT	50894
TotalSeq-C	61	0061 anti-human CD117 (c-kit)	104D2	AGACTAATAGCTGAC	AGACTAATAGCTGAC	96150
TotalSeq-C	180	0180 anti-human CD24	ML5	AGATTCCTTCGTGTT	AGATTCCTTCGTGTT	66055
TotalSeq-C	900	0900 anti-human CD198 (CCR8)	L263G8	AGCCCGGATGTATTT	AGCCCGGATGTATTT	481328
TotalSeq-C	894	0894 anti-human Ig light chain κ	MHK-49	AGCTCAGCCAGTATG	AGCTCAGCCAGTATG	291938
TotalSeq-C	166	0166 anti-human CD66b	6/40c	AGCTGTAAGTTTCGG	AGCTGTAAGTTTCGG	84731
TotalSeq-C	71	0071 anti-human CD194 (CCR4)	L291H4	AGCTTACCTGCACGA	AGCTTACCTGCACGA	75568
TotalSeq-C	901	0901 anti-human GARP (LRRC32)	7B11	AGGTATGGTAGAGTA	AGGTATGGTAGAGTA	140426
TotalSeq-C	179	0179 anti-human CX3CR1	K0124E1	AGTATCGTCTCTGGG	AGTATCGTCTCTGGG	504849
TotalSeq-C	830	0830 anti-human CD319 (CRACC)	162.1	AGTATGCCATGTCTT	AGTATGCCATGTCTT	109888
TotalSeq-C	247	0247 anti-human CD267 (TACI)	1A1	AGTGATGGAGCGAAC	AGTGATGGAGCGAAC	128734
TotalSeq-C	23	0023 anti-human CD155 (PVR)	SKII.4	ATCACATCGTTGCCA	ATCACATCGTTGCCA	12441
TotalSeq-C	135	0135 anti-human CD324 (E-Cadherin)	67A4	ATCCTTCTCCCTTTC	ATCCTTCTCCCTTTC	18564
TotalSeq-C	151	0151 anti-human CD152 (CTLA-4)	BNI3	ATGGTTCACGTAATC	ATGGTTCACGTAATC	284434
TotalSeq-C	22	0022 anti-human CD137L (4-1BB Ligand)	5F4	ATTCGCCTTACGCAA	ATTCGCCTTACGCAA	383515
TotalSeq-C	187	0187 anti-human CD79b (Igβ)	CB3-1	ATTCTTCAACCGAAG	ATTCTTCAACCGAAG	258772
TotalSeq-C	590	0590 anti-human CD305 (LAIR1)	NKTA255	ATTTCCATTCCCTGT	ATTTCCATTCCCTGT	22529
TotalSeq-C	129	0129 anti-human CD140b (PDGFRβ)	18A2	CAATGGTTCACTGCC	CAATGGTTCACTGCC	178374
TotalSeq-C	863	0863 anti-human CD257 (BAFF, BLYS)	1D6	CAGAGCACCCATTAA	CAGAGCACCCATTAA	36259
TotalSeq-C	56	0056 anti-human CD269 (BCMA)	19F2	CAGATGATCCACCAT	CAGATGATCCACCAT	204947
TotalSeq-C	898	0898 anti-human Ig light chain λ	MHL-38	CAGCCAGTAAGTCAC	CAGCCAGTAAGTCAC	379672
TotalSeq-C	62	0062 anti-human CD10	HI10a	CAGCCATTCATTAGG	CAGCCATTCATTAGG	154870
TotalSeq-C	155	0155 anti-human CD107a (LAMP-1)	H4A3	CAGCCCACTGCAATA	CAGCCCACTGCAATA	351338
TotalSeq-C	57	0057 anti-human β2-microglobulin	2M2	CAGCCCGATTAAGGT	CAGCCCGATTAAGGT	304153
TotalSeq-C	355	0355 anti-human CD137 (4-1BB)	4B4-1	CAGTAAGTTCGGGAC	CAGTAAGTTCGGGAC	115700
TotalSeq-C	387	0387 anti-human TSLPR (TSLP-R)	1D3	CAGTCCTCTCTGTCA	CAGTCCTCTCTGTCA	16975
TotalSeq-C	384	0384 anti-human IgD	IA6-2	CAGTCTCCGTAGAGT	CAGTCTCCGTAGAGT	13265
TotalSeq-C	577	0577 anti-human CD73 (Ecto-5'-nucleotidase)	AD2	CAGTTCCTCAGTTCG	CAGTTCCTCAGTTCG	78001
TotalSeq-C	138	0138 anti-human CD5	UCHT2	CATTAACGGGATGCC	CATTAACGGGATGCC	33465
TotalSeq-C	853	0853 anti-human CLEC12A	50C1	CATTAGAGTCTGCCA	CATTAGAGTCTGCCA	105618
TotalSeq-C	152	0152 anti-human CD223 (LAG-3)	11C3C65	CATTTGTCTGCCGGT	CATTTGTCTGCCGGT	86925
TotalSeq-C	141	0141 anti-human CD195 (CCR5)	J418F1	CCAAAGTAAGAGCCA	CCAAAGTAAGAGCCA	34198
TotalSeq-C	359	0359 anti-human CD83	HB15e	CCACTCATTTCCGGT	CCACTCATTTCCGGT	62233
TotalSeq-C	156	0156 anti-human CD95 (Fas)	DX2	CCAGCTCATTAGAGC	CCAGCTCATTAGAGC	21370
TotalSeq-C	576	0576 anti-human CD49d	9F10	CCATTCAACTTCCGG	CCATTCAACTTCCGG	47442
TotalSeq-C	177	0177 anti-human CD178 (Fas-L)	NOK-1	CCGGTCCTCTGTATT	CCGGTCCTCTGTATT	193862
TotalSeq-C	363	0363 anti-human CD124 (IL-4Rα)	G077F6	CCGTCCTGATAGATG	CCGTCCTGATAGATG	189004
TotalSeq-C	394	0394 anti-human CD71	CY1G4	CCGTGTTCCTCATTA	CCGTGTTCCTCATTA	18856
TotalSeq-C	218	0218 anti-human CD62P (P-Selectin)	AK4	CCTTCCGTATCCCTT	CCTTCCGTATCCCTT	17500
TotalSeq-C	134	0134 anti-human CD146	P1H12	CCTTGGATAACATCA	CCTTGGATAACATCA	96214
TotalSeq-C	896	0896 anti-human CD85j (ILT2)	GHI/75	CCTTGTGAGGCTATG	CCTTGTGAGGCTATG	461908
TotalSeq-C	215	0215 anti-human CD268 (BAFF-R)	11C1	CGAAGTCGATCCGTA	CGAAGTCGATCCGTA	58188
TotalSeq-C	828	0828 anti-human CD307d (FcRL4)	413D12	CGATTTGATCTGCCT	CGATTTGATCTGCCT	411143
TotalSeq-C	437	0437 anti-mouse/human CD207	4C7	CGATTTGTATTCCCT	CGATTTGTATTCCCT	35683
TotalSeq-C	27	0027 anti-human CD70	113-16	CGCGAACATAAGAAG	CGCGAACATAAGAAG	64005
TotalSeq-C	171	0171 anti-human/mouse/rat CD278 (ICOS)	C398.4A	CGCGCACCCATTAAA	CGCGCACCCATTAAA	95003
TotalSeq-C	224	0224 anti-human TCR α/β	IP26	CGTAACGTAGAGCGA	CGTAACGTAGAGCGA	134432
TotalSeq-C	165	0165 anti-human CD314 (NKG2D)	1D11	CGTGTTTGTTCCTCA	CGTGTTTGTTCCTCA	119397
TotalSeq-C	944	0944 anti-human CD101 (BB27)	BB27	CTACTTCCCTGTCAA	CTACTTCCCTGTCAA	279290
TotalSeq-C	1049	1049 anti-human CD289 (TLR9)	S16013D	CTATGATGCTGCATG	CTATGATGCTGCATG	43
TotalSeq-C	31	0031 anti-human CD40	5C3	CTCAGATGGAGTATG	CTCAGATGGAGTATG	32196
TotalSeq-C	34	0034 anti-human CD3	UCHT1	CTCATTGTAACTCCT	CTCATTGTAACTCCT	21753
TotalSeq-C	87	0087 anti-human CD45RO	UCHL1	CTCCGAATCATGTTG	CTCCGAATCATGTTG	35575
TotalSeq-C	352	0352 anti-human FcεRIα	AER-37 (CRA-1)	CTCGTTTCCGTATCG	CTCGTTTCCGTATCG	138938
TotalSeq-C	217	0217 anti-human CD54	HA58	CTGATAGACTTGAGT	CTGATAGACTTGAGT	111889
TotalSeq-C	1052	1052 anti-human CD224	KF29	CTGATGAGATGTCAG	CTGATGAGATGTCAG	849627
TotalSeq-C	207	0207 anti-human CD370 (CLEC9A/DNGR1)	8F9	CTGCATTTCAGTAAG	CTGCATTTCAGTAAG	101386
TotalSeq-C	375	0375 anti-human IgG Fc	M1310G05	CTGGAGCGATTAGAA	CTGGAGCGATTAGAA	71191
TotalSeq-C	50	0050 anti-human CD19	HIB19	CTGGGCAATTACTCG	CTGGGCAATTACTCG	46412
TotalSeq-C	902	0902 anti-human CD328 (Siglec-7)	6-434	CTTAGCATTTCACTG	CTTAGCATTTCACTG	99215
TotalSeq-C	153	0153 anti-human KLRG1 (MAFA)	SA231A2	CTTATTTCCTGCCCT	CTTATTTCCTGCCCT	230813
TotalSeq-C	64	0064 anti-human CD123	6H6	CTTCACTCTGTCAGG	CTTCACTCTGTCAGG	22823
TotalSeq-C	139	0139 anti-human TCR γ/δ	B1	CTTCCGATTCATTCA	CTTCCGATTCATTCA	615258
TotalSeq-C	867	0867 anti-human CD94	DX22	CTTTCCGGTCCTACA	CTTTCCGGTCCTACA	163952
TotalSeq-C	33	0033 anti-human CD52	HI186	CTTTGTACGAGCAAA	CTTTGTACGAGCAAA	65557
TotalSeq-C	899	0899 anti-human HLA-A2	BB7.2	GAACATTTCCGACAA	GAACATTTCCGACAA	130209
TotalSeq-C	161	0161 anti-human CD11b	ICRF44	GACAAGTGATCTGCA	GACAAGTGATCTGCA	46876
TotalSeq-C	592	0592 anti-human CD158b (KIR2DL2/L3,  NKAT2)	DX27	GACCCGTAGTTTGAT	GACCCGTAGTTTGAT	35134
TotalSeq-C	145	0145 anti-human CD103 (Integrin αE)	Ber-ACT8	GACCTCATTGTGAAT	GACCTCATTGTGAAT	79553
TotalSeq-C	370	0370 anti-human CD303 (BDCA-2)	201A	GAGATGTCCGAATTT	GAGATGTCCGAATTT	104365
TotalSeq-C	1051	1051 anti-human Podocalyxin	mAb 84	GAGCCGGTATAATGC	GAGCCGGTATAATGC	1015407
TotalSeq-C	160	0160 anti-human CD1c	L161	GAGCTACTTCACTCG	GAGCTACTTCACTCG	15809
TotalSeq-C	985	0985 anti-human CD360 (IL-21R)	17A12	GAGGATGATGCCATG	GAGGATGATGCCATG	86898
TotalSeq-C	1057	1057 anti-human DR3 (TRAMP)	JD3	GAGTTCCCTCAGTTC	GAGTTCCCTCAGTTC	199836
TotalSeq-C	143	0143 anti-human CD196 (CCR6)	G034E3	GATCCCTTTGTCACT	GATCCCTTTGTCACT	21714
TotalSeq-C	402	0402 anti-human CD1a	HI149	GATCGTGTTGTGTTA	GATCGTGTTGTGTTA	222127
TotalSeq-C	895	0895 anti-mouse/human Mac-2 (Galectin-3)	M3/38	GATGCAATTAGCCGG	GATGCAATTAGCCGG	220942
TotalSeq-C	1047	1047 anti-human HLA-F	3D11/HLA-F	GCAACTCTCCTACCT	GCAACTCTCCTACCT	176403
TotalSeq-C	374	0374 anti-human CD98	MEM-108	GCACCAACAGCCATT	GCACCAACAGCCATT	21860
TotalSeq-C	154	0154 anti-human CD27	O323	GCACTCCTGCATGTA	GCACTCCTGCATGTA	19057
TotalSeq-C	54	0054 anti-human CD34	581	GCAGAAATCTCCCTT	GCAGAAATCTCCCTT	283552
TotalSeq-C	26	0026 anti-human CD47	CC2C6	GCATTCTGTCACCTA	GCATTCTGTCACCTA	12915
TotalSeq-C	60	0060 anti-human CD90 (Thy1)	50000000000	GCATTGTACGATTCA	GCATTGTACGATTCA	210005
TotalSeq-C	1046	1046 anti-human CD88 (C5aR)	S5/1	GCCGCATGAGAAACA	GCCGCATGAGAAACA	434711
TotalSeq-C	46	0046 anti-human CD8	SK1	GCGCAACTTGATGAT	GCGCAACTTGATGAT	5864
TotalSeq-C	32	0032 anti-human CD154	24-31	GCTAGATAGATGCAA	GCTAGATAGATGCAA	61764
TotalSeq-C	196	0196 anti-human CD235ab	HIR2	GCTCCTTTACACGTA	GCTCCTTTACACGTA	4923
TotalSeq-C	80	0080 anti-human CD8a	RPA-T8	GCTGCGCTTTCCATT	GCTGCGCTTTCCATT	35831
TotalSeq-C	142	0142 anti-human CD32	FUN-2	GCTTCCGAATTACCG	GCTTCCGAATTACCG	400040
TotalSeq-C	358	0358 anti-human CD163	GHI/61	GCTTCTCCTTCCTTA	GCTTCTCCTTCCTTA	70768
TotalSeq-C	371	0371 anti-human CD49b	P1E6-C5	GCTTTCTTCAGTATG	GCTTTCTTCAGTATG	165846
TotalSeq-C	599	0599 anti-human CD158e1 (KIR3DL1, NKB1)	DX9	GGACGCTTTCCTTGA	GGACGCTTTCCTTGA	90881
TotalSeq-C	406	0406 anti-human CD304 (Neuropilin-1)	12C2	GGACTAAGTTTCGTT	GGACTAAGTTTCGTT	42094
TotalSeq-C	163	0163 anti-human CD141 (Thrombomodulin)	M80	GGATAACCGCGCTTT	GGATAACCGCGCTTT	80656
TotalSeq-C	188	0188 anti-human CD66a/c/e	ASL-32	GGGACAGTTCGTTTC	GGGACAGTTCGTTTC	50909
TotalSeq-C	802	0802 anti-human CD336 (NKp44)	P44-8	GGGCAATTAGCGAGT	GGGCAATTAGCGAGT	378331
TotalSeq-C	393	0393 anti-human CD22	S-HCL-1	GGGTTGTTGTCTTTG	GGGTTGTTGTCTTTG	12036
TotalSeq-C	396	0396 anti-human CD26	BA5b	GGTGGCTAGATAATG	GGTGGCTAGATAATG	132633
TotalSeq-C	127	0127 anti-Human Podoplanin	NC-08	GGTTACTCGTTGTGT	GGTTACTCGTTGTGT	552102
TotalSeq-C	594	0594 anti-human CD133	S16016B	GTAAGACGCCTATGC	GTAAGACGCCTATGC	37705
TotalSeq-C	149	0149 anti-human CD161	HP-3G10	GTACGCAGTCCTTCT	GTACGCAGTCCTTCT	68168
TotalSeq-C	373	0373 anti-human CD81 (TAPA-1)	5A6	GTATCCTTCCTTGGC	GTATCCTTCCTTGGC	83112
TotalSeq-C	369	0369 anti-human CD29	TS2/16	GTATTCCCTCAGTCA	GTATTCCCTCAGTCA	457656
TotalSeq-C	870	0870 anti-human CD150 (SLAM)	A12 (7D4)	GTCATTGTATGTCTG	GTCATTGTATGTCTG	315329
TotalSeq-C	147	0147 anti-human CD62L	DREG-56	GTCCCTGCAACTTGA	GTCCCTGCAACTTGA	108782
TotalSeq-C	146	0146 anti-human CD69	FN50	GTCTCTTGGCTTAAA	GTCTCTTGGCTTAAA	40611
TotalSeq-C	9	0009 anti-human CD275 (B7-H2, ICOSL)	2D3	GTGCATTCAACAGTA	GTGCATTCAACAGTA	97119
TotalSeq-C	390	0390 anti-human CD127 (IL-7Rα)	A019D5	GTGTGTTGTCCTATG	GTGTGTTGTCCTATG	27908
TotalSeq-C	170	0170 anti-human CD272 (BTLA)	MIH26	GTTATTGGACTAAGG	GTTATTGGACTAAGG	135982
TotalSeq-C	174	0174 anti-human CD58 (LFA-3)	TS2/9	GTTCCTATGGACGAC	GTTCCTATGGACGAC	593031
TotalSeq-C	7	0007 anti-human CD274 (B7-H1, PD-L1)	29E.2A3	GTTGTCCGACAATAC	GTTGTCCGACAATAC	78101
TotalSeq-C	52	0052 anti-human CD33	P67.6	TAACTCAGGGCCTAT	TAACTCAGGGCCTAT	23703
TotalSeq-C	581	0581 anti-human TCR Vα7.2	3C10	TACGAGCAGTATTCA	TACGAGCAGTATTCA	44936
TotalSeq-C	367	0367 anti-human CD2	TS1/8	TACGATTTGTCAGGG	TACGATTTGTCAGGG	8430
TotalSeq-C	206	0206 anti-human CD169 (Sialoadhesin, Siglec-1)	7-239	TACTCAGCGTGTTTG	TACTCAGCGTGTTTG	25175
TotalSeq-C	399	0399 anti-human CD204	7C9C20	TAGCGAGCCAGATGT	TAGCGAGCCAGATGT	322674
TotalSeq-C	136	0136 anti-human IgM	MHM-88	TAGCGAGCCCGTATA	TAGCGAGCCCGTATA	11236
TotalSeq-C	185	0185 anti-human CD11a	TS2/4	TATATCCTTGTGAGC	TATATCCTTGTGAGC	492489
TotalSeq-C	420	0420 anti-human CD158 (KIR2DL1/S1/S3/S5)	HP-MA4	TATCAACCAACGCTT	TATCAACCAACGCTT	58151
TotalSeq-C	58	0058 anti-human HLA-A,B,C	W6/32	TATGCGAGGCTTATC	TATGCGAGGCTTATC	38716
TotalSeq-C	385	0385 anti-human CD18	TS1/18	TATTGGGACACTTCT	TATTGGGACACTTCT	4703
TotalSeq-C	8	0008 anti-human CD273  (B7-DC, PD-L2)	24F.10C12	TCAACGCTTGGCTAG	TCAACGCTTGGCTAG	116461
TotalSeq-C	63	0063 anti-human CD45RA	HI100	TCAATCCTTCCGCTT	TCAATCCTTCCGCTT	599207
TotalSeq-C	245	0245 anti-human CD106	STA	TCACAGTTCCTTGGA	TCACAGTTCCTTGGA	100789
TotalSeq-C	392	0392 anti-human CD15 (SSEA-1)	W6D3	TCACCAGTACCTAGT	TCACCAGTACCTAGT	54307
TotalSeq-C	829	0829 anti-human CD307e (FcRL5)	509f6	TCACGCAGTCCTCAA	TCACGCAGTCCTCAA	71956
TotalSeq-C	597	0597 anti-human CD209 (DC-SIGN)	9E9A8	TCACTGGACACTTAA	TCACTGGACACTTAA	125339
TotalSeq-C	205	0205 anti-human CD206 (MMR)	15-2	TCAGAACGTCTAACT	TCAGAACGTCTAACT	177222
TotalSeq-C	28	0028 anti-human CD30	BY88	TCAGGGTGTGCTGTA	TCAGGGTGTGCTGTA	249562
TotalSeq-C	366	0366 anti-human CD184 (CXCR4)	12G5	TCAGGTCCTTTCAAC	TCAGGTCCTTTCAAC	57765
TotalSeq-C	582	0582 anti-human TCR Vδ2	B6	TCAGTCAGATGGTAT	TCAGTCAGATGGTAT	25874
TotalSeq-C	246	0246 anti-human CD122 (IL-2Rβ)	TU27	TCATTTCCTCCGATT	TCATTTCCTCCGATT	328611
TotalSeq-C	400	0400 anti-human CD144 (VE-Cadherin)	BV9	TCCACTCATTCTGTA	TCCACTCATTCTGTA	308265
TotalSeq-C	920	0920 anti-human CD82	ASL-24	TCCCACTTCCGCTTT	TCCCACTTCCGCTTT	245038
TotalSeq-C	48	0048 anti-human CD45	2D1	TCCCTTGCGATTTAC	TCCCTTGCGATTTAC	3737
TotalSeq-C	356	0356 anti-human CD254 (TRANCE, RANKL)	MIH24	TCCGTGTTAGTTTGT	TCCGTGTTAGTTTGT	152228
TotalSeq-C	214	0214 anti-human/mouse integrin β7	FIB504	TCCTTGGATGTACCG	TCCTTGGATGTACCG	17922
TotalSeq-C	47	0047 anti-human CD56	5.1H11	TCCTTTCCTGATAGG	TCCTTTCCTGATAGG	19270
TotalSeq-C	164	0164 anti-human CD1d	51.1	TCGAGTCGCTTATCA	TCGAGTCGCTTATCA	425556
TotalSeq-C	189	0189 anti-human CD244 (2B4)	C1.7	TCGCTTGGATGGTAG	TCGCTTGGATGGTAG	80837
TotalSeq-C	81	0081 anti-human CD14	M5E2	TCTCAGACCTCCGTA	TCTCAGACCTCCGTA	80167
TotalSeq-C	368	0368 anti-human CD226 (DNAM-1)	11A8	TCTCAGTGTTTGTGG	TCTCAGTGTTTGTGG	601792
TotalSeq-C	897	0897 anti-human CD23	EBVCS-5	TCTGTATAACCGTCT	TCTGTATAACCGTCT	134813
TotalSeq-C	386	0386 anti-human CD28	CD28.2	TGAGAACGACCCTAA	TGAGAACGACCCTAA	99825
TotalSeq-C	20	0020 anti-human CD270 (HVEM, TR2)	122	TGATAGAAACAGACC	TGATAGAAACAGACC	272038
TotalSeq-C	66	0066 anti-human CD7	CD7-6B7	TGGATTCCCGGACTT	TGGATTCCCGGACTT	39855
TotalSeq-C	175	0175 anti-human CD96 (TACTILE)	NK92.39	TGGCCTATAAATGGT	TGGCCTATAAATGGT	231616
TotalSeq-C	389	0389 anti-human CD38	HIT2	TGTACCCGCTTGTGA	TGTACCCGCTTGTGA	39744
TotalSeq-C	395	0395 anti-human B7-H4	MIH43	TGTATGTCTGCCTTG	TGTATGTCTGCCTTG	546490
TotalSeq-C	169	0169 anti-human CD366 (Tim-3)	F38-2E2	TGTCCTACCCAACTT	TGTCCTACCCAACTT	132434
TotalSeq-C	72	0072 anti-human CD4	RPA-T4	TGTTCCCGCTCAACT	TGTTCCCGCTCAACT	55824
TotalSeq-C	102	0102 anti-human CD294 (CRTH2)	BM16	TGTTTACGAGAGCCC	TGTTTACGAGAGCCC	377540
TotalSeq-C	176	0176 anti-human CD39	A1	TTACCTGGTATCCGT	TTACCTGGTATCCGT	17358
TotalSeq-C	908	0908 anti-human TCR Vβ13.1	H131	TTATGGACGTATGGT	TTATGGACGTATGGT	395398
TotalSeq-C	362	0362 anti-human CD309 (VEGFR2)	7D4-6	TTCACGCAGTAAGAT	TTCACGCAGTAAGAT	33390
TotalSeq-C	123	0123 anti-human CD326 (Ep-CAM)	9C4	TTCCGAGCAAGTATC	TTCCGAGCAAGTATC	32728
TotalSeq-C	70	0070 anti-human/mouse CD49f	GoH3	TTCCGAGGATGATCT	TTCCGAGGATGATCT	61753
TotalSeq-C	100	0100 anti-human CD20	2H7	TTCTGGGTCCCTAGA	TTCTGGGTCCCTAGA	98485
TotalSeq-C	407	0407 anti-human CD36	5-271	TTCTTTGCCTTGCCA	TTCTTTGCCTTGCCA	4770
TotalSeq-C	89	0089 anti-human TIGIT (VSTM3)	A15153G	TTGCTTACCGCCAGA	TTGCTTACCGCCAGA	168214
TotalSeq-C	21	0021 anti-human CD252 (OX40L)	11C3.1	TTTAGTGATCCGACT	TTTAGTGATCCGACT	235996
TotalSeq-C	85	0085 anti-human CD25	BC96	TTTGTCCTGTACGCC	TTTGTCCTGTACGCC	81070
